<?xml version="1.0" encoding="UTF-8"?>
<project-private xmlns="http://www.netbeans.org/ns/project-private/1">
    <editor-bookmarks xmlns="http://www.netbeans.org/ns/editor-bookmarks/2" lastBookmarkId="0"/>
    <open-files xmlns="http://www.netbeans.org/ns/projectui-open-files/2">
        <group>
            <file>file:/C:/Users/is_go_000/Documents/NetBeansProjects/Juegos/web/Modificar.jsp</file>
            <file>file:/C:/Users/is_go_000/Documents/NetBeansProjects/Juegos/web/css/estilos1.css</file>
            <file>file:/C:/Users/is_go_000/Documents/NetBeansProjects/Juegos/web/Registro.jsp</file>
            <file>file:/C:/Users/is_go_000/Documents/NetBeansProjects/Juegos/web/Buscador.jsp</file>
            <file>file:/C:/Users/is_go_000/Documents/NetBeansProjects/Juegos/web/Agregar.jsp</file>
            <file>file:/C:/Users/is_go_000/Documents/NetBeansProjects/Juegos/web/IniciarSesion.jsp</file>
            <file>file:/C:/Users/is_go_000/Documents/NetBeansProjects/Juegos/web/Descripcion.jsp</file>
        </group>
    </open-files>
</project-private>
